<?xml version="1.0" encoding="UTF-8"?>

<Questionnaire xmlns="http://hl7.org/fhir">
  <id value="HIS-HA-2.00.0"/>
  <meta>
    <versionId value="20"/>
    <lastUpdated value="2021-02-17T23:17:23.870+00:00"/>
    <source value="#zbvA5EBNKDK1kdmA"/>
    <profile value="https://impact-fhir.mitre.org/r4/StructureDefinition/del-StandardForm"/>
  </meta>
  <text>
    <status value="generated"/><div xmlns="http://www.w3.org/1999/xhtml">HIS_HA standard form version 2.00.0.<br/><br/>The HIS is a standardized set of items intended to capture patient-level data on each hospice patient admission. HIS items can be used to calculate seven National Quality Forum (NQF) - endorsed measures, and two non-NQF endorsed measures.</div>
  </text>
  <url value="http://hapi.fhir.org/baseR4/Questionnaire/HIS-HA-2.00.0"/>
  <identifier>
    <use value="official"/>
    <system value="http://del.cms.gov"/>
    <value value="Hospice Item Set"/>
  </identifier>
  <version value="0.1.0"/>
  <name value="HIS_HA"/>
  <title value="Hospice Item Set - Hospice Admission Record"/>
  <status value="active"/>
  <date value="2018-04-30T20:51:52.871Z"/>
  <publisher value="The MITRE Corporation"/>
  <contact>
    <name value="The MITRE Corporation"/>
    <telecom>
      <system value="url"/>
      <value value="http://mitre.org"/>
    </telecom>
  </contact>
  <description value="The HIS is a standardized set of items intended to capture patient-level data on each hospice patient admission. HIS items can be used to calculate seven National Quality Forum (NQF) - endorsed measures, and two non-NQF endorsed measures."/>
  <approvalDate value="2017-01-19"/>
  <effectivePeriod>
    <start value="2017-04-01T00:00:00+00:00"/>
  </effectivePeriod>
  <item>
    <linkId value="Section-36"/>
    <text value="Section A: Administrative Information"/>
    <type value="group"/>
    <readOnly value="true"/>
    <item>
      <linkId value="Section-36/A0700"/>
      <prefix value="A0700"/>
      <text value="Medicaid Number - Enter &quot;+&quot; if pending, &quot;N&quot; if not a Medicaid recipient"/>
      <type value="text"/>
      <repeats value="false"/>
      <readOnly value="false"/>
      <maxLength value="14"/>
    </item>
    <item>
      <linkId value="Section-36/A0800"/>
      <prefix value="A0800"/>
      <text value="Gender"/>
      <type value="text"/>
      <repeats value="false"/>
      <readOnly value="false"/>
      <maxLength value="1"/>
    </item>
    <item>
      <linkId value="Section-36/A0900"/>
      <prefix value="A0900"/>
      <text value="Birth Date"/>
      <type value="open-choice"/>
      <repeats value="false"/>
      <readOnly value="false"/>
    </item>
    <item>
      <linkId value="Section-36/A0050"/>
      <prefix value="A0050"/>
      <text value="Type of Record"/>
      <type value="text"/>
      <repeats value="false"/>
      <readOnly value="false"/>
      <maxLength value="1"/>
    </item>
    <item>
      <linkId value="Section-36/A0250"/>
      <prefix value="A0250"/>
      <text value="Reason for Assessment"/>
      <type value="text"/>
      <repeats value="false"/>
      <readOnly value="false"/>
      <maxLength value="2"/>
    </item>
    <item>
      <linkId value="Section-36/A0220"/>
      <prefix value="A0220"/>
      <text value="Admission Date"/>
      <type value="open-choice"/>
      <repeats value="false"/>
      <readOnly value="false"/>
    </item>
    <item>
      <linkId value="Section-36/A1802"/>
      <prefix value="A1802"/>
      <text value="Admitted From. Immediately preceding this admission, where was the {patient/resident}?"/>
      <type value="text"/>
      <repeats value="false"/>
      <readOnly value="false"/>
      <maxLength value="2"/>
    </item>
    <item>
      <linkId value="Section-36/A0550"/>
      <prefix value="A0550"/>
      <text value="{Patient/Resident} ZIP Code."/>
      <type value="text"/>
      <repeats value="false"/>
      <readOnly value="false"/>
      <maxLength value="11"/>
    </item>
    <item>
      <linkId value="Section-36/A0100"/>
      <prefix value="A0100"/>
      <text value="Facility Provider Numbers"/>
      <type value="group"/>
      <repeats value="false"/>
      <readOnly value="true"/>
      <item>
        <linkId value="Section-36/A0100A"/>
        <prefix value="A0100A"/>
        <text value="National Provider Identifier (NPI)"/>
        <type value="text"/>
        <repeats value="false"/>
        <readOnly value="false"/>
        <maxLength value="10"/>
      </item>
      <item>
        <linkId value="Section-36/A0100B"/>
        <prefix value="A0100B"/>
        <text value="CMS Certification Number (CCN)"/>
        <type value="text"/>
        <repeats value="false"/>
        <readOnly value="false"/>
        <maxLength value="12"/>
      </item>
    </item>
    <item>
      <linkId value="Section-36/A0500"/>
      <prefix value="A0500"/>
      <text value="Legal Name of {Patient/Resident}"/>
      <type value="group"/>
      <repeats value="false"/>
      <readOnly value="true"/>
      <item>
        <linkId value="Section-36/A0500A"/>
        <prefix value="A0500A"/>
        <text value="First name"/>
        <type value="text"/>
        <repeats value="false"/>
        <readOnly value="false"/>
        <maxLength value="12"/>
      </item>
      <item>
        <linkId value="Section-36/A0500B"/>
        <prefix value="A0500B"/>
        <text value="Middle initial"/>
        <type value="text"/>
        <repeats value="false"/>
        <readOnly value="false"/>
        <maxLength value="1"/>
      </item>
      <item>
        <linkId value="Section-36/A0500C"/>
        <prefix value="A0500C"/>
        <text value="Last name"/>
        <type value="text"/>
        <repeats value="false"/>
        <readOnly value="false"/>
        <maxLength value="18"/>
      </item>
      <item>
        <linkId value="Section-36/A0500D"/>
        <prefix value="A0500D"/>
        <text value="Suffix"/>
        <type value="text"/>
        <repeats value="false"/>
        <readOnly value="false"/>
        <maxLength value="3"/>
      </item>
    </item>
    <item>
      <linkId value="Section-36/A0600"/>
      <prefix value="A0600"/>
      <text value="Social Security and Medicare Numbers"/>
      <type value="group"/>
      <repeats value="false"/>
      <readOnly value="true"/>
      <item>
        <linkId value="Section-36/A0600A"/>
        <prefix value="A0600A"/>
        <text value="Social Security Number"/>
        <type value="text"/>
        <repeats value="false"/>
        <readOnly value="false"/>
        <maxLength value="9"/>
      </item>
      <item>
        <linkId value="Section-36/A0600B"/>
        <prefix value="A0600B"/>
        <text value="Medicare number"/>
        <type value="text"/>
        <repeats value="false"/>
        <readOnly value="false"/>
        <maxLength value="12"/>
      </item>
    </item>
    <item>
      <linkId value="Section-36/A1000"/>
      <prefix value="A1000"/>
      <text value="Race/Ethnicity: Check all that apply"/>
      <type value="text"/>
      <repeats value="true"/>
      <readOnly value="false"/>
      <maxLength value="1"/>
    </item>
    <item>
      <linkId value="Section-36/A1400"/>
      <prefix value="A1400"/>
      <text value="Payer Information: Check all that apply"/>
      <type value="text"/>
      <repeats value="true"/>
      <readOnly value="false"/>
      <maxLength value="1"/>
    </item>
    <item>
      <linkId value="Section-36/A0205"/>
      <prefix value="A0205"/>
      <text value="Site of Service at Admission"/>
      <type value="text"/>
      <repeats value="false"/>
      <readOnly value="false"/>
      <maxLength value="2"/>
    </item>
    <item>
      <linkId value="Section-36/A0245"/>
      <prefix value="A0245"/>
      <text value="Date Initial Nursing Assessment Initiated"/>
      <type value="open-choice"/>
      <repeats value="false"/>
      <readOnly value="false"/>
    </item>
  </item>
  <item>
    <linkId value="Section-47"/>
    <text value="Section F: Preferences"/>
    <type value="group"/>
    <readOnly value="true"/>
    <item>
      <linkId value="Section-47/F2000"/>
      <prefix value="F2000"/>
      <text value="CPR Preference"/>
      <type value="group"/>
      <repeats value="false"/>
      <readOnly value="true"/>
      <item>
        <linkId value="Section-47/F2000A"/>
        <prefix value="F2000A"/>
        <text value="Was the {patient/resident}/responsible party asked about preference regarding the use of cardiopulmonary resuscitation (CPR)? - Select the most accurate response"/>
        <type value="text"/>
        <repeats value="false"/>
        <readOnly value="false"/>
        <maxLength value="1"/>
      </item>
      <item>
        <linkId value="Section-47/F2000B"/>
        <prefix value="F2000B"/>
        <text value="Date the {patient/resident}/responsible party was first asked about preference regarding the use of CPR:"/>
        <type value="open-choice"/>
        <repeats value="false"/>
        <readOnly value="false"/>
      </item>
    </item>
    <item>
      <linkId value="Section-47/F2100"/>
      <prefix value="F2100"/>
      <text value="Other Life-Sustaining Treatment Preferences"/>
      <type value="group"/>
      <repeats value="false"/>
      <readOnly value="true"/>
      <item>
        <linkId value="Section-47/F2100A"/>
        <prefix value="F2100A"/>
        <text value="Was the {patient/resident}/responsible party asked about preferences regarding life-sustaining treatments other than CPR? - Select the most accurate response"/>
        <type value="text"/>
        <repeats value="false"/>
        <readOnly value="false"/>
        <maxLength value="1"/>
      </item>
      <item>
        <linkId value="Section-47/F2100B"/>
        <prefix value="F2100B"/>
        <text value="Date the {patient/resident}/responsible party was first asked about preferences regarding life-sustaining treatments other than CPR:"/>
        <type value="open-choice"/>
        <repeats value="false"/>
        <readOnly value="false"/>
      </item>
    </item>
    <item>
      <linkId value="Section-47/F2200"/>
      <prefix value="F2200"/>
      <text value="Hospitalization Preference"/>
      <type value="group"/>
      <repeats value="false"/>
      <readOnly value="true"/>
      <item>
        <linkId value="Section-47/F2200A"/>
        <prefix value="F2200A"/>
        <text value="Was the {patient/resident}/responsible party asked about preference regarding hospitalization? - Select the most accurate response"/>
        <type value="text"/>
        <repeats value="false"/>
        <readOnly value="false"/>
        <maxLength value="1"/>
      </item>
      <item>
        <linkId value="Section-47/F2200B"/>
        <prefix value="F2200B"/>
        <text value="Date the {patient/resident}/responsible party was first asked about preference regarding hospitalization:"/>
        <type value="open-choice"/>
        <repeats value="false"/>
        <readOnly value="false"/>
      </item>
    </item>
    <item>
      <linkId value="Section-47/F3000"/>
      <prefix value="F3000"/>
      <text value="Spiritual/Existential Concerns"/>
      <type value="group"/>
      <repeats value="false"/>
      <readOnly value="true"/>
      <item>
        <linkId value="Section-47/F3000A"/>
        <prefix value="F3000A"/>
        <text value="Was the {patient/resident} and/or caregiver asked about spiritual/existential concerns? - Select the most accurate response"/>
        <type value="text"/>
        <repeats value="false"/>
        <readOnly value="false"/>
        <maxLength value="1"/>
      </item>
      <item>
        <linkId value="Section-47/F3000B"/>
        <prefix value="F3000B"/>
        <text value="Date the {patient/resident} and/or caregiver was first asked about spiritual/existential concerns:"/>
        <type value="open-choice"/>
        <repeats value="false"/>
        <readOnly value="false"/>
      </item>
    </item>
  </item>
  <item>
    <linkId value="Section-9"/>
    <text value="Section I: Active Diagnoses"/>
    <type value="group"/>
    <readOnly value="true"/>
    <item>
      <linkId value="Section-9/I0010"/>
      <prefix value="I0010"/>
      <text value="Principal Diagnosis"/>
      <type value="text"/>
      <repeats value="false"/>
      <readOnly value="false"/>
      <maxLength value="2"/>
    </item>
  </item>
  <item>
    <linkId value="Section-10"/>
    <text value="Section J: Health Conditions"/>
    <type value="group"/>
    <readOnly value="true"/>
    <item>
      <linkId value="Section-10/J0900"/>
      <prefix value="J0900"/>
      <text value="Pain Screening"/>
      <type value="group"/>
      <repeats value="false"/>
      <readOnly value="true"/>
      <item>
        <linkId value="Section-10/J0900A"/>
        <prefix value="J0900A"/>
        <text value="Was the {patient/resident} screened for pain?"/>
        <type value="text"/>
        <repeats value="false"/>
        <readOnly value="false"/>
        <maxLength value="1"/>
      </item>
      <item>
        <linkId value="Section-10/J0900B"/>
        <prefix value="J0900B"/>
        <text value="Date of first screening for pain:"/>
        <type value="open-choice"/>
        <repeats value="false"/>
        <readOnly value="false"/>
      </item>
      <item>
        <linkId value="Section-10/J0900C"/>
        <prefix value="J0900C"/>
        <text value="The {patient's/resident's} pain severity was:"/>
        <type value="text"/>
        <repeats value="false"/>
        <readOnly value="false"/>
        <maxLength value="1"/>
      </item>
      <item>
        <linkId value="Section-10/J0900D"/>
        <prefix value="J0900D"/>
        <text value="Type of standardized pain tool used:"/>
        <type value="text"/>
        <repeats value="false"/>
        <readOnly value="false"/>
        <maxLength value="1"/>
      </item>
    </item>
    <item>
      <linkId value="Section-10/J0905"/>
      <prefix value="J0905"/>
      <text value="Pain Active Problem. Is pain an active problem for the {patient/resident}?"/>
      <type value="text"/>
      <repeats value="false"/>
      <readOnly value="false"/>
      <maxLength value="1"/>
    </item>
    <item>
      <linkId value="Section-10/J0910"/>
      <prefix value="J0910"/>
      <text value="Comprehensive Pain Assessment"/>
      <type value="group"/>
      <repeats value="false"/>
      <readOnly value="true"/>
      <item>
        <linkId value="Section-10/J0910A"/>
        <prefix value="J0910A"/>
        <text value="Was a comprehensive pain assessment done?"/>
        <type value="text"/>
        <repeats value="false"/>
        <readOnly value="false"/>
        <maxLength value="1"/>
      </item>
      <item>
        <linkId value="Section-10/J0910B"/>
        <prefix value="J0910B"/>
        <text value="Date of comprehensive pain assessment:"/>
        <type value="open-choice"/>
        <repeats value="false"/>
        <readOnly value="false"/>
      </item>
      <item>
        <linkId value="Section-10/J0910C"/>
        <prefix value="J0910C"/>
        <text value="Comprehensive pain assessment included: Check all that apply"/>
        <type value="text"/>
        <repeats value="false"/>
        <readOnly value="false"/>
        <maxLength value="1"/>
      </item>
    </item>
    <item>
      <linkId value="Section-10/J2030"/>
      <prefix value="J2030"/>
      <text value="Screening for Shortness of Breath"/>
      <type value="group"/>
      <repeats value="false"/>
      <readOnly value="true"/>
      <item>
        <linkId value="Section-10/J2030A"/>
        <prefix value="J2030A"/>
        <text value="Was the {patient/resident} screened for shortness of breath?"/>
        <type value="text"/>
        <repeats value="false"/>
        <readOnly value="false"/>
        <maxLength value="1"/>
      </item>
      <item>
        <linkId value="Section-10/J2030B"/>
        <prefix value="J2030B"/>
        <text value="Date of first screening for shortness of breath:"/>
        <type value="open-choice"/>
        <repeats value="false"/>
        <readOnly value="false"/>
      </item>
      <item>
        <linkId value="Section-10/J2030C"/>
        <prefix value="J2030C"/>
        <text value="Did the screening indicate the {patient/resident} had shortness of breath?"/>
        <type value="text"/>
        <repeats value="false"/>
        <readOnly value="false"/>
        <maxLength value="1"/>
      </item>
    </item>
    <item>
      <linkId value="Section-10/J2040"/>
      <prefix value="J2040"/>
      <text value="Treatment for Shortness of Breath"/>
      <type value="group"/>
      <repeats value="false"/>
      <readOnly value="true"/>
      <item>
        <linkId value="Section-10/J2040A"/>
        <prefix value="J2040A"/>
        <text value="Was treatment for shortness of breath initiated? - Select the most accurate response"/>
        <type value="text"/>
        <repeats value="false"/>
        <readOnly value="false"/>
        <maxLength value="1"/>
      </item>
      <item>
        <linkId value="Section-10/J2040B"/>
        <prefix value="J2040B"/>
        <text value="Date treatment for shortness of breath initiated:"/>
        <type value="open-choice"/>
        <repeats value="false"/>
        <readOnly value="false"/>
      </item>
      <item>
        <linkId value="Section-10/J2040C"/>
        <prefix value="J2040C"/>
        <text value="Type(s) of treatment for shortness of breath initiated: Check all that apply"/>
        <type value="text"/>
        <repeats value="false"/>
        <readOnly value="false"/>
        <maxLength value="1"/>
      </item>
    </item>
  </item>
  <item>
    <linkId value="Section-14"/>
    <text value="Section N: Medications"/>
    <type value="group"/>
    <readOnly value="true"/>
    <item>
      <linkId value="Section-14/N0500"/>
      <prefix value="N0500"/>
      <text value="Scheduled Opioid"/>
      <type value="group"/>
      <repeats value="false"/>
      <readOnly value="true"/>
      <item>
        <linkId value="Section-14/N0500A"/>
        <prefix value="N0500A"/>
        <text value="Was a scheduled opioid initiated or continued?"/>
        <type value="text"/>
        <repeats value="false"/>
        <readOnly value="false"/>
        <maxLength value="1"/>
      </item>
      <item>
        <linkId value="Section-14/N0500B"/>
        <prefix value="N0500B"/>
        <text value="Date scheduled opioid initiated or continued:"/>
        <type value="open-choice"/>
        <repeats value="false"/>
        <readOnly value="false"/>
      </item>
    </item>
    <item>
      <linkId value="Section-14/N0510"/>
      <prefix value="N0510"/>
      <text value="PRN Opioid"/>
      <type value="group"/>
      <repeats value="false"/>
      <readOnly value="true"/>
      <item>
        <linkId value="Section-14/N0510A"/>
        <prefix value="N0510A"/>
        <text value="Was a PRN opioid initiated or continued?"/>
        <type value="text"/>
        <repeats value="false"/>
        <readOnly value="false"/>
        <maxLength value="1"/>
      </item>
      <item>
        <linkId value="Section-14/N0510B"/>
        <prefix value="N0510B"/>
        <text value="Date PRN opioid initiated or continued:"/>
        <type value="open-choice"/>
        <repeats value="false"/>
        <readOnly value="false"/>
      </item>
    </item>
    <item>
      <linkId value="Section-14/N0520"/>
      <prefix value="N0520"/>
      <text value="Bowel Regimen - Complete only if {scheduled opioid or PRN opioid = yes}"/>
      <type value="group"/>
      <repeats value="false"/>
      <readOnly value="true"/>
      <item>
        <linkId value="Section-14/N0520A"/>
        <prefix value="N0520A"/>
        <text value="Was a bowel regimen initiated or continued? - Select the most accurate response"/>
        <type value="text"/>
        <repeats value="false"/>
        <readOnly value="false"/>
        <maxLength value="1"/>
      </item>
      <item>
        <linkId value="Section-14/N0520B"/>
        <prefix value="N0520B"/>
        <text value="Date bowel regimen initiated or continued:"/>
        <type value="open-choice"/>
        <repeats value="false"/>
        <readOnly value="false"/>
      </item>
    </item>
  </item>
  <item>
    <linkId value="Section-50"/>
    <text value="Section O: Service Utilization"/>
    <type value="group"/>
    <readOnly value="true"/>
    <item>
      <linkId value="Section-50/O5000"/>
      <prefix value="O5000"/>
      <text value="Level of care in final 3 days"/>
      <type value="text"/>
      <repeats value="false"/>
      <readOnly value="false"/>
      <maxLength value="2"/>
    </item>
  </item>
  <item>
    <linkId value="Section-48"/>
    <text value="Section Z: Record Administration"/>
    <type value="group"/>
    <readOnly value="true"/>
    <item>
      <linkId value="Section-48/Z0400"/>
      <prefix value="Z0400"/>
      <text value="Signature of Persons Completing the Assessment"/>
      <type value="group"/>
      <repeats value="false"/>
      <readOnly value="true"/>
      <item>
        <linkId value="Section-48/Z0400A"/>
        <prefix value="Z0400A"/>
        <text value="Signature, Title, Sections, Date Section Completed A"/>
        <type value="text"/>
        <repeats value="false"/>
        <readOnly value="false"/>
        <maxLength value="100"/>
      </item>
      <item>
        <linkId value="Section-48/Z0400B"/>
        <prefix value="Z0400B"/>
        <text value="Signature, Title, Sections, Date Section Completed B"/>
        <type value="text"/>
        <repeats value="false"/>
        <readOnly value="false"/>
        <maxLength value="100"/>
      </item>
      <item>
        <linkId value="Section-48/Z0400C"/>
        <prefix value="Z0400C"/>
        <text value="Signature, Title, Sections, Date Section Completed C"/>
        <type value="text"/>
        <repeats value="false"/>
        <readOnly value="false"/>
        <maxLength value="100"/>
      </item>
      <item>
        <linkId value="Section-48/Z0400D"/>
        <prefix value="Z0400D"/>
        <text value="Signature, Title, Sections, Date Section Completed D"/>
        <type value="text"/>
        <repeats value="false"/>
        <readOnly value="false"/>
        <maxLength value="100"/>
      </item>
      <item>
        <linkId value="Section-48/Z0400E"/>
        <prefix value="Z0400E"/>
        <text value="Signature, Title, Sections, Date Section Completed E"/>
        <type value="text"/>
        <repeats value="false"/>
        <readOnly value="false"/>
        <maxLength value="100"/>
      </item>
      <item>
        <linkId value="Section-48/Z0400F"/>
        <prefix value="Z0400F"/>
        <text value="Signature, Title, Sections, Date Section Completed F"/>
        <type value="text"/>
        <repeats value="false"/>
        <readOnly value="false"/>
        <maxLength value="100"/>
      </item>
      <item>
        <linkId value="Section-48/Z0400G"/>
        <prefix value="Z0400G"/>
        <text value="Signature, Title, Sections, Date Section Completed G"/>
        <type value="text"/>
        <repeats value="false"/>
        <readOnly value="false"/>
        <maxLength value="100"/>
      </item>
      <item>
        <linkId value="Section-48/Z0400H"/>
        <prefix value="Z0400H"/>
        <text value="Signature, Title, Sections, Date Section Completed H"/>
        <type value="text"/>
        <repeats value="false"/>
        <readOnly value="false"/>
        <maxLength value="100"/>
      </item>
      <item>
        <linkId value="Section-48/Z0400I"/>
        <prefix value="Z0400I"/>
        <text value="Signature, Title, Sections, Date Section Completed I"/>
        <type value="text"/>
        <repeats value="false"/>
        <readOnly value="false"/>
        <maxLength value="100"/>
      </item>
      <item>
        <linkId value="Section-48/Z0400J"/>
        <prefix value="Z0400J"/>
        <text value="Signature, Title, Sections, Date Section Completed J"/>
        <type value="text"/>
        <repeats value="false"/>
        <readOnly value="false"/>
        <maxLength value="100"/>
      </item>
      <item>
        <linkId value="Section-48/Z0400K"/>
        <prefix value="Z0400K"/>
        <text value="Signature, Title, Sections, Date Section Completed K"/>
        <type value="text"/>
        <repeats value="false"/>
        <readOnly value="false"/>
        <maxLength value="100"/>
      </item>
      <item>
        <linkId value="Section-48/Z0400L"/>
        <prefix value="Z0400L"/>
        <text value="Signature, Title, Sections, Date Section Completed L"/>
        <type value="text"/>
        <repeats value="false"/>
        <readOnly value="false"/>
        <maxLength value="100"/>
      </item>
    </item>
    <item>
      <linkId value="Section-48/Z0500"/>
      <prefix value="Z0500"/>
      <text value="Signature of RN Coordinator Verifying Assessment Completion"/>
      <type value="group"/>
      <repeats value="false"/>
      <readOnly value="true"/>
      <item>
        <linkId value="Section-48/Z0500A"/>
        <prefix value="Z0500A"/>
        <text value="Signature"/>
        <type value="text"/>
        <repeats value="false"/>
        <readOnly value="false"/>
        <maxLength value="100"/>
      </item>
      <item>
        <linkId value="Section-48/Z0500B"/>
        <prefix value="Z0500B"/>
        <text value="Date RN Assessment Coordinator signed assessment as complete"/>
        <type value="open-choice"/>
        <repeats value="false"/>
        <readOnly value="false"/>
      </item>
    </item>
  </item>
</Questionnaire>