<?xml version="1.0" encoding="UTF-8"?>

<Questionnaire xmlns="http://hl7.org/fhir">
  <id value="HIS-HD-2.00.0"/>
  <meta>
    <versionId value="20"/>
    <lastUpdated value="2021-02-17T23:17:24.259+00:00"/>
    <source value="#2WM2IQaZUZ5WYFZB"/>
    <profile value="https://impact-fhir.mitre.org/r4/StructureDefinition/del-StandardForm"/>
  </meta>
  <text>
    <status value="generated"/><div xmlns="http://www.w3.org/1999/xhtml">HIS_HD standard form version 2.00.0.<br/><br/>The HIS is a standardized set of items intended to capture patient-level data on each hospice patient admission. HIS items can be used to calculate seven National Quality Forum (NQF) - endorsed measures, and two non-NQF endorsed measures.</div>
  </text>
  <url value="http://hapi.fhir.org/baseR4/Questionnaire/HIS-HD-2.00.0"/>
  <identifier>
    <use value="official"/>
    <system value="http://del.cms.gov"/>
    <value value="Hospice Item Set"/>
  </identifier>
  <version value="0.1.0"/>
  <name value="HIS_HD"/>
  <title value="Hospice Item Set - Hospice Discharge Record"/>
  <status value="active"/>
  <date value="2018-04-30T20:51:52.871Z"/>
  <publisher value="The MITRE Corporation"/>
  <contact>
    <name value="The MITRE Corporation"/>
    <telecom>
      <system value="url"/>
      <value value="http://mitre.org"/>
    </telecom>
  </contact>
  <description value="The HIS is a standardized set of items intended to capture patient-level data on each hospice patient admission. HIS items can be used to calculate seven National Quality Forum (NQF) - endorsed measures, and two non-NQF endorsed measures."/>
  <approvalDate value="2017-01-19"/>
  <effectivePeriod>
    <start value="2017-04-01T00:00:00+00:00"/>
  </effectivePeriod>
  <item>
    <linkId value="Section-36"/>
    <text value="Section A: Administrative Information"/>
    <type value="group"/>
    <readOnly value="true"/>
    <item>
      <linkId value="Section-36/A0700"/>
      <prefix value="A0700"/>
      <text value="Medicaid Number - Enter &quot;+&quot; if pending, &quot;N&quot; if not a Medicaid recipient"/>
      <type value="text"/>
      <repeats value="false"/>
      <readOnly value="false"/>
      <maxLength value="14"/>
    </item>
    <item>
      <linkId value="Section-36/A0800"/>
      <prefix value="A0800"/>
      <text value="Gender"/>
      <type value="text"/>
      <repeats value="false"/>
      <readOnly value="false"/>
      <maxLength value="1"/>
    </item>
    <item>
      <linkId value="Section-36/A0900"/>
      <prefix value="A0900"/>
      <text value="Birth Date"/>
      <type value="open-choice"/>
      <repeats value="false"/>
      <readOnly value="false"/>
    </item>
    <item>
      <linkId value="Section-36/A0050"/>
      <prefix value="A0050"/>
      <text value="Type of Record"/>
      <type value="text"/>
      <repeats value="false"/>
      <readOnly value="false"/>
      <maxLength value="1"/>
    </item>
    <item>
      <linkId value="Section-36/A0250"/>
      <prefix value="A0250"/>
      <text value="Reason for Assessment"/>
      <type value="text"/>
      <repeats value="false"/>
      <readOnly value="false"/>
      <maxLength value="2"/>
    </item>
    <item>
      <linkId value="Section-36/A0220"/>
      <prefix value="A0220"/>
      <text value="Admission Date"/>
      <type value="open-choice"/>
      <repeats value="false"/>
      <readOnly value="false"/>
    </item>
    <item>
      <linkId value="Section-36/A0270"/>
      <prefix value="A0270"/>
      <text value="Discharge Date"/>
      <type value="open-choice"/>
      <repeats value="false"/>
      <readOnly value="false"/>
    </item>
    <item>
      <linkId value="Section-36/A0100"/>
      <prefix value="A0100"/>
      <text value="Facility Provider Numbers"/>
      <type value="group"/>
      <repeats value="false"/>
      <readOnly value="true"/>
      <item>
        <linkId value="Section-36/A0100A"/>
        <prefix value="A0100A"/>
        <text value="National Provider Identifier (NPI)"/>
        <type value="text"/>
        <repeats value="false"/>
        <readOnly value="false"/>
        <maxLength value="10"/>
      </item>
      <item>
        <linkId value="Section-36/A0100B"/>
        <prefix value="A0100B"/>
        <text value="CMS Certification Number (CCN)"/>
        <type value="text"/>
        <repeats value="false"/>
        <readOnly value="false"/>
        <maxLength value="12"/>
      </item>
    </item>
    <item>
      <linkId value="Section-36/A0500"/>
      <prefix value="A0500"/>
      <text value="Legal Name of {Patient/Resident}"/>
      <type value="group"/>
      <repeats value="false"/>
      <readOnly value="true"/>
      <item>
        <linkId value="Section-36/A0500A"/>
        <prefix value="A0500A"/>
        <text value="First name"/>
        <type value="text"/>
        <repeats value="false"/>
        <readOnly value="false"/>
        <maxLength value="12"/>
      </item>
      <item>
        <linkId value="Section-36/A0500B"/>
        <prefix value="A0500B"/>
        <text value="Middle initial"/>
        <type value="text"/>
        <repeats value="false"/>
        <readOnly value="false"/>
        <maxLength value="1"/>
      </item>
      <item>
        <linkId value="Section-36/A0500C"/>
        <prefix value="A0500C"/>
        <text value="Last name"/>
        <type value="text"/>
        <repeats value="false"/>
        <readOnly value="false"/>
        <maxLength value="18"/>
      </item>
      <item>
        <linkId value="Section-36/A0500D"/>
        <prefix value="A0500D"/>
        <text value="Suffix"/>
        <type value="text"/>
        <repeats value="false"/>
        <readOnly value="false"/>
        <maxLength value="3"/>
      </item>
    </item>
    <item>
      <linkId value="Section-36/A0600"/>
      <prefix value="A0600"/>
      <text value="Social Security and Medicare Numbers"/>
      <type value="group"/>
      <repeats value="false"/>
      <readOnly value="true"/>
      <item>
        <linkId value="Section-36/A0600A"/>
        <prefix value="A0600A"/>
        <text value="Social Security Number"/>
        <type value="text"/>
        <repeats value="false"/>
        <readOnly value="false"/>
        <maxLength value="9"/>
      </item>
      <item>
        <linkId value="Section-36/A0600B"/>
        <prefix value="A0600B"/>
        <text value="Medicare number"/>
        <type value="text"/>
        <repeats value="false"/>
        <readOnly value="false"/>
        <maxLength value="12"/>
      </item>
    </item>
    <item>
      <linkId value="Section-36/A2115"/>
      <prefix value="A2115"/>
      <text value="Reason for Discharge"/>
      <type value="text"/>
      <repeats value="false"/>
      <readOnly value="false"/>
      <maxLength value="2"/>
    </item>
  </item>
  <item>
    <linkId value="Section-47"/>
    <text value="Section F: Preferences"/>
    <type value="group"/>
    <readOnly value="true"/>
    <item>
      <linkId value="Section-47/F2000"/>
      <prefix value="F2000"/>
      <text value="CPR preference"/>
      <type value="text"/>
      <repeats value="false"/>
      <readOnly value="false"/>
      <maxLength value="100"/>
    </item>
  </item>
  <item>
    <linkId value="Section-9"/>
    <text value="Section I: Active Diagnoses"/>
    <type value="group"/>
    <readOnly value="true"/>
    <item>
      <linkId value="Section-9/I0010"/>
      <prefix value="I0010"/>
      <text value="Principal diagnosis"/>
      <type value="text"/>
      <repeats value="false"/>
      <readOnly value="false"/>
      <maxLength value="2"/>
    </item>
  </item>
  <item>
    <linkId value="Section-10"/>
    <text value="Section J: Health Conditions"/>
    <type value="group"/>
    <readOnly value="true"/>
    <item>
      <linkId value="Section-10/J0100"/>
      <prefix value="J0100"/>
      <text value="Pain Management"/>
      <type value="text"/>
      <repeats value="false"/>
      <readOnly value="false"/>
      <maxLength value="100"/>
    </item>
  </item>
  <item>
    <linkId value="Section-14"/>
    <text value="Section N: Medications"/>
    <type value="group"/>
    <readOnly value="true"/>
    <item>
      <linkId value="Section-14/M2003"/>
      <prefix value="M2003"/>
      <text value="Medication follow-up"/>
      <type value="text"/>
      <repeats value="false"/>
      <readOnly value="false"/>
      <maxLength value="2"/>
    </item>
  </item>
  <item>
    <linkId value="Section-50"/>
    <text value="Section O: Service Utilization"/>
    <type value="group"/>
    <readOnly value="true"/>
    <item>
      <linkId value="Section-50/O5000"/>
      <prefix value="O5000"/>
      <text value="Level of care in final 3 days. Did the {patient/resident} receive Continuous Home Care, General Inpatient Care, or Respite Care during any of the final 3 days of life?"/>
      <type value="text"/>
      <repeats value="false"/>
      <readOnly value="false"/>
      <maxLength value="1"/>
    </item>
    <item>
      <linkId value="Section-50/O5010"/>
      <prefix value="O5010"/>
      <text value="Number of hospice visits in final 3 days. Enter the number of visits provided by hospice staff from the indicated discipline, on each of the dates indicated."/>
      <type value="group"/>
      <repeats value="false"/>
      <readOnly value="true"/>
      <item>
        <linkId value="Section-50/O5010_1"/>
        <prefix value="O5010_1"/>
        <text value="Number of Hospice Visits - on Day of Death"/>
        <type value="group"/>
        <repeats value="false"/>
        <readOnly value="true"/>
      </item>
      <item>
        <linkId value="Section-50/O5010_2"/>
        <prefix value="O5010_2"/>
        <text value="Number of Hospice Visits - One Day Prior to Death"/>
        <type value="group"/>
        <repeats value="false"/>
        <readOnly value="true"/>
      </item>
      <item>
        <linkId value="Section-50/O5010_3"/>
        <prefix value="O5010_3"/>
        <text value="Number of Hospice Visits - Two Days Prior to Death"/>
        <type value="group"/>
        <repeats value="false"/>
        <readOnly value="true"/>
      </item>
    </item>
    <item>
      <linkId value="Section-50/O5010A1"/>
      <prefix value="O5010A1"/>
      <text value="Registered Nurse - Visits on day of death"/>
      <type value="integer"/>
      <repeats value="false"/>
      <readOnly value="false"/>
      <maxLength value="1"/>
    </item>
    <item>
      <linkId value="Section-50/O5010A2"/>
      <prefix value="O5010A2"/>
      <text value="Registered Nurse - Visits one day prior to death"/>
      <type value="integer"/>
      <repeats value="false"/>
      <readOnly value="false"/>
      <maxLength value="1"/>
    </item>
    <item>
      <linkId value="Section-50/O5010A3"/>
      <prefix value="O5010A3"/>
      <text value="Registered Nurse - Visits two days prior to death"/>
      <type value="integer"/>
      <repeats value="false"/>
      <readOnly value="false"/>
      <maxLength value="1"/>
    </item>
    <item>
      <linkId value="Section-50/O5010B1"/>
      <prefix value="O5010B1"/>
      <text value="Physician (or Nurse Practitioner or Physician Assistant) - Visits on day of death"/>
      <type value="integer"/>
      <repeats value="false"/>
      <readOnly value="false"/>
      <maxLength value="1"/>
    </item>
    <item>
      <linkId value="Section-50/O5010B2"/>
      <prefix value="O5010B2"/>
      <text value="Physician (or Nurse Practitioner or Physician Assistant) - Visits one day prior to death"/>
      <type value="integer"/>
      <repeats value="false"/>
      <readOnly value="false"/>
      <maxLength value="1"/>
    </item>
    <item>
      <linkId value="Section-50/O5010B3"/>
      <prefix value="O5010B3"/>
      <text value="Physician (or Nurse Practitioner or Physician Assistant) - Visits two days prior to death"/>
      <type value="integer"/>
      <repeats value="false"/>
      <readOnly value="false"/>
      <maxLength value="1"/>
    </item>
    <item>
      <linkId value="Section-50/O5010C1"/>
      <prefix value="O5010C1"/>
      <text value="Medical Social Worker - Visits on day of death"/>
      <type value="integer"/>
      <repeats value="false"/>
      <readOnly value="false"/>
      <maxLength value="1"/>
    </item>
    <item>
      <linkId value="Section-50/O5010C2"/>
      <prefix value="O5010C2"/>
      <text value="Medical Social Worker - Visits one day prior to death"/>
      <type value="integer"/>
      <repeats value="false"/>
      <readOnly value="false"/>
      <maxLength value="1"/>
    </item>
    <item>
      <linkId value="Section-50/O5010C3"/>
      <prefix value="O5010C3"/>
      <text value="Medical Social Worker - Visits two days prior to death"/>
      <type value="integer"/>
      <repeats value="false"/>
      <readOnly value="false"/>
      <maxLength value="1"/>
    </item>
    <item>
      <linkId value="Section-50/O5010D1"/>
      <prefix value="O5010D1"/>
      <text value="Chaplain or Spiritual Counselor - Visits on day of death"/>
      <type value="integer"/>
      <repeats value="false"/>
      <readOnly value="false"/>
      <maxLength value="1"/>
    </item>
    <item>
      <linkId value="Section-50/O5010D2"/>
      <prefix value="O5010D2"/>
      <text value="Chaplain or Spiritual Counselor -Visits one day prior to death"/>
      <type value="integer"/>
      <repeats value="false"/>
      <readOnly value="false"/>
      <maxLength value="1"/>
    </item>
    <item>
      <linkId value="Section-50/O5010D3"/>
      <prefix value="O5010D3"/>
      <text value="Chaplain or Spiritual Counselor - Visits two days prior to death"/>
      <type value="integer"/>
      <repeats value="false"/>
      <readOnly value="false"/>
      <maxLength value="1"/>
    </item>
    <item>
      <linkId value="Section-50/O5010E1"/>
      <prefix value="O5010E1"/>
      <text value="Licensed Professional Nurse - Visits on day of death"/>
      <type value="integer"/>
      <repeats value="false"/>
      <readOnly value="false"/>
      <maxLength value="1"/>
    </item>
    <item>
      <linkId value="Section-50/O5010E2"/>
      <prefix value="O5010E2"/>
      <text value="Licensed Professional Nurse - Visits one day prior to death"/>
      <type value="integer"/>
      <repeats value="false"/>
      <readOnly value="false"/>
      <maxLength value="1"/>
    </item>
    <item>
      <linkId value="Section-50/O5010E3"/>
      <prefix value="O5010E3"/>
      <text value="Licensed Professional Nurse - Visits two days prior to death"/>
      <type value="integer"/>
      <repeats value="false"/>
      <readOnly value="false"/>
      <maxLength value="1"/>
    </item>
    <item>
      <linkId value="Section-50/O5010F1"/>
      <prefix value="O5010F1"/>
      <text value="Aide - Visits on day of death"/>
      <type value="integer"/>
      <repeats value="false"/>
      <readOnly value="false"/>
      <maxLength value="1"/>
    </item>
    <item>
      <linkId value="Section-50/O5010F2"/>
      <prefix value="O5010F2"/>
      <text value="Aide - Visits one day prior to death"/>
      <type value="integer"/>
      <repeats value="false"/>
      <readOnly value="false"/>
      <maxLength value="1"/>
    </item>
    <item>
      <linkId value="Section-50/O5010F3"/>
      <prefix value="O5010F3"/>
      <text value="Aide - Visits two days prior to death"/>
      <type value="integer"/>
      <repeats value="false"/>
      <readOnly value="false"/>
      <maxLength value="1"/>
    </item>
    <item>
      <linkId value="Section-50/O5020"/>
      <prefix value="O5020"/>
      <text value="Level of care in final 7 days. Did the {patient/resident} receive Continuous Home Care, General Inpatient Care, or Respite Care during any of the final 7 days of life?"/>
      <type value="text"/>
      <repeats value="false"/>
      <readOnly value="false"/>
      <maxLength value="1"/>
    </item>
    <item>
      <linkId value="Section-50/O5030"/>
      <prefix value="O5030"/>
      <text value="Number of hospice visits in 3 to 6 days prior to death. Enter the number of visits provided by hospice staff from the indicated discipline, on each of the dates indicated."/>
      <type value="group"/>
      <repeats value="false"/>
      <readOnly value="true"/>
      <item>
        <linkId value="Section-50/O5030_1"/>
        <prefix value="O5030_1"/>
        <text value="Number of Hospice Visits in 3 to 6 Days Prior to Death - Three Days Prior"/>
        <type value="group"/>
        <repeats value="false"/>
        <readOnly value="true"/>
      </item>
      <item>
        <linkId value="Section-50/O5030_2"/>
        <prefix value="O5030_2"/>
        <text value="Number of Hospice Visits in 3 to 6 Days Prior to Death - Four Days Prior"/>
        <type value="group"/>
        <repeats value="false"/>
        <readOnly value="true"/>
      </item>
      <item>
        <linkId value="Section-50/O5030_3"/>
        <prefix value="O5030_3"/>
        <text value="Number of Hospice Visits in 3 to 6 Days Prior to Death - Five Days Prior"/>
        <type value="group"/>
        <repeats value="false"/>
        <readOnly value="true"/>
      </item>
      <item>
        <linkId value="Section-50/O5030_4"/>
        <prefix value="O5030_4"/>
        <text value="Number of Hospice Visits in 3 to 6 Days Prior to Death - Six Days Prior"/>
        <type value="group"/>
        <repeats value="false"/>
        <readOnly value="true"/>
      </item>
    </item>
    <item>
      <linkId value="Section-50/O5030A1"/>
      <prefix value="O5030A1"/>
      <text value="Registered Nurse - Visits three days prior to death"/>
      <type value="integer"/>
      <repeats value="false"/>
      <readOnly value="false"/>
      <maxLength value="1"/>
    </item>
    <item>
      <linkId value="Section-50/O5030A2"/>
      <prefix value="O5030A2"/>
      <text value="Registered Nurse - Visits four days prior to death"/>
      <type value="integer"/>
      <repeats value="false"/>
      <readOnly value="false"/>
      <maxLength value="1"/>
    </item>
    <item>
      <linkId value="Section-50/O5030A3"/>
      <prefix value="O5030A3"/>
      <text value="Registered Nurse - Visits five days prior to death"/>
      <type value="integer"/>
      <repeats value="false"/>
      <readOnly value="false"/>
      <maxLength value="1"/>
    </item>
    <item>
      <linkId value="Section-50/O5030A4"/>
      <prefix value="O5030A4"/>
      <text value="Registered Nurse - Visits six days prior to death"/>
      <type value="integer"/>
      <repeats value="false"/>
      <readOnly value="false"/>
      <maxLength value="1"/>
    </item>
    <item>
      <linkId value="Section-50/O5030B1"/>
      <prefix value="O5030B1"/>
      <text value="Physician (or Nurse Practitioner or Physician Assistant) - Visits three days prior to death"/>
      <type value="integer"/>
      <repeats value="false"/>
      <readOnly value="false"/>
      <maxLength value="1"/>
    </item>
    <item>
      <linkId value="Section-50/O5030B2"/>
      <prefix value="O5030B2"/>
      <text value="Physician (or Nurse Practitioner or Physician Assistant) - Visits four days prior to death"/>
      <type value="integer"/>
      <repeats value="false"/>
      <readOnly value="false"/>
      <maxLength value="1"/>
    </item>
    <item>
      <linkId value="Section-50/O5030B3"/>
      <prefix value="O5030B3"/>
      <text value="Physician (or Nurse Practitioner or Physician Assistant) - Visits five days prior to death"/>
      <type value="integer"/>
      <repeats value="false"/>
      <readOnly value="false"/>
      <maxLength value="1"/>
    </item>
    <item>
      <linkId value="Section-50/O5030B4"/>
      <prefix value="O5030B4"/>
      <text value="Physician (or Nurse Practitioner or Physician Assistant) - Visits six days prior to death"/>
      <type value="integer"/>
      <repeats value="false"/>
      <readOnly value="false"/>
      <maxLength value="1"/>
    </item>
    <item>
      <linkId value="Section-50/O5030C1"/>
      <prefix value="O5030C1"/>
      <text value="Medical Social Worker - Visits three days prior to death"/>
      <type value="integer"/>
      <repeats value="false"/>
      <readOnly value="false"/>
      <maxLength value="1"/>
    </item>
    <item>
      <linkId value="Section-50/O5030C2"/>
      <prefix value="O5030C2"/>
      <text value="Medical Social Worker - Visits four days prior to death"/>
      <type value="integer"/>
      <repeats value="false"/>
      <readOnly value="false"/>
      <maxLength value="1"/>
    </item>
    <item>
      <linkId value="Section-50/O5030C3"/>
      <prefix value="O5030C3"/>
      <text value="Medical Social Worker - Visits five days prior to death"/>
      <type value="integer"/>
      <repeats value="false"/>
      <readOnly value="false"/>
      <maxLength value="1"/>
    </item>
    <item>
      <linkId value="Section-50/O5030C4"/>
      <prefix value="O5030C4"/>
      <text value="Medical Social Worker - Visits six days prior to death"/>
      <type value="integer"/>
      <repeats value="false"/>
      <readOnly value="false"/>
      <maxLength value="1"/>
    </item>
    <item>
      <linkId value="Section-50/O5030D1"/>
      <prefix value="O5030D1"/>
      <text value="Chaplain or Spiritual Counselor - Visits three days prior to death"/>
      <type value="integer"/>
      <repeats value="false"/>
      <readOnly value="false"/>
      <maxLength value="1"/>
    </item>
    <item>
      <linkId value="Section-50/O5030D2"/>
      <prefix value="O5030D2"/>
      <text value="Chaplain or Spiritual Counselor - Visits four days prior to death"/>
      <type value="integer"/>
      <repeats value="false"/>
      <readOnly value="false"/>
      <maxLength value="1"/>
    </item>
    <item>
      <linkId value="Section-50/O5030D3"/>
      <prefix value="O5030D3"/>
      <text value="Chaplain or Spiritual Counselor - Visits five days prior to death"/>
      <type value="integer"/>
      <repeats value="false"/>
      <readOnly value="false"/>
      <maxLength value="1"/>
    </item>
    <item>
      <linkId value="Section-50/O5030D4"/>
      <prefix value="O5030D4"/>
      <text value="Chaplain or Spiritual Counselor - Visits six days prior to death"/>
      <type value="integer"/>
      <repeats value="false"/>
      <readOnly value="false"/>
      <maxLength value="1"/>
    </item>
    <item>
      <linkId value="Section-50/O5030E1"/>
      <prefix value="O5030E1"/>
      <text value="Licensed Professional Nurse - Visits three days prior to death"/>
      <type value="integer"/>
      <repeats value="false"/>
      <readOnly value="false"/>
      <maxLength value="1"/>
    </item>
    <item>
      <linkId value="Section-50/O5030E2"/>
      <prefix value="O5030E2"/>
      <text value="Licensed Professional Nurse - Visits four days prior to death"/>
      <type value="integer"/>
      <repeats value="false"/>
      <readOnly value="false"/>
      <maxLength value="1"/>
    </item>
    <item>
      <linkId value="Section-50/O5030E3"/>
      <prefix value="O5030E3"/>
      <text value="Licensed Professional Nurse - Visits five days prior to death"/>
      <type value="integer"/>
      <repeats value="false"/>
      <readOnly value="false"/>
      <maxLength value="1"/>
    </item>
    <item>
      <linkId value="Section-50/O5030E4"/>
      <prefix value="O5030E4"/>
      <text value="Licensed Professional Nurse - Visits six days prior to death"/>
      <type value="integer"/>
      <repeats value="false"/>
      <readOnly value="false"/>
      <maxLength value="1"/>
    </item>
    <item>
      <linkId value="Section-50/O5030F1"/>
      <prefix value="O5030F1"/>
      <text value="Aide - Visits three days prior to death"/>
      <type value="integer"/>
      <repeats value="false"/>
      <readOnly value="false"/>
      <maxLength value="1"/>
    </item>
    <item>
      <linkId value="Section-50/O5030F2"/>
      <prefix value="O5030F2"/>
      <text value="Aide - Visits four days prior to death"/>
      <type value="integer"/>
      <repeats value="false"/>
      <readOnly value="false"/>
      <maxLength value="1"/>
    </item>
    <item>
      <linkId value="Section-50/O5030F3"/>
      <prefix value="O5030F3"/>
      <text value="Aide - Visits five days prior to death"/>
      <type value="integer"/>
      <repeats value="false"/>
      <readOnly value="false"/>
      <maxLength value="1"/>
    </item>
    <item>
      <linkId value="Section-50/O5030F4"/>
      <prefix value="O5030F4"/>
      <text value="Aide - Visits six days prior to death"/>
      <type value="integer"/>
      <repeats value="false"/>
      <readOnly value="false"/>
      <maxLength value="1"/>
    </item>
  </item>
  <item>
    <linkId value="Section-48"/>
    <text value="Section Z: Record Administration"/>
    <type value="group"/>
    <readOnly value="true"/>
    <item>
      <linkId value="Section-48/Z0400"/>
      <prefix value="Z0400"/>
      <text value="Signature of Persons Completing the Assessment"/>
      <type value="group"/>
      <repeats value="false"/>
      <readOnly value="true"/>
      <item>
        <linkId value="Section-48/Z0400A"/>
        <prefix value="Z0400A"/>
        <text value="Signature, Title, Sections, Date Section Completed A"/>
        <type value="text"/>
        <repeats value="false"/>
        <readOnly value="false"/>
        <maxLength value="100"/>
      </item>
      <item>
        <linkId value="Section-48/Z0400B"/>
        <prefix value="Z0400B"/>
        <text value="Signature, Title, Sections, Date Section Completed B"/>
        <type value="text"/>
        <repeats value="false"/>
        <readOnly value="false"/>
        <maxLength value="100"/>
      </item>
      <item>
        <linkId value="Section-48/Z0400C"/>
        <prefix value="Z0400C"/>
        <text value="Signature, Title, Sections, Date Section Completed C"/>
        <type value="text"/>
        <repeats value="false"/>
        <readOnly value="false"/>
        <maxLength value="100"/>
      </item>
      <item>
        <linkId value="Section-48/Z0400D"/>
        <prefix value="Z0400D"/>
        <text value="Signature, Title, Sections, Date Section Completed D"/>
        <type value="text"/>
        <repeats value="false"/>
        <readOnly value="false"/>
        <maxLength value="100"/>
      </item>
      <item>
        <linkId value="Section-48/Z0400E"/>
        <prefix value="Z0400E"/>
        <text value="Signature, Title, Sections, Date Section Completed E"/>
        <type value="text"/>
        <repeats value="false"/>
        <readOnly value="false"/>
        <maxLength value="100"/>
      </item>
      <item>
        <linkId value="Section-48/Z0400F"/>
        <prefix value="Z0400F"/>
        <text value="Signature, Title, Sections, Date Section Completed F"/>
        <type value="text"/>
        <repeats value="false"/>
        <readOnly value="false"/>
        <maxLength value="100"/>
      </item>
      <item>
        <linkId value="Section-48/Z0400G"/>
        <prefix value="Z0400G"/>
        <text value="Signature, Title, Sections, Date Section Completed G"/>
        <type value="text"/>
        <repeats value="false"/>
        <readOnly value="false"/>
        <maxLength value="100"/>
      </item>
      <item>
        <linkId value="Section-48/Z0400H"/>
        <prefix value="Z0400H"/>
        <text value="Signature, Title, Sections, Date Section Completed H"/>
        <type value="text"/>
        <repeats value="false"/>
        <readOnly value="false"/>
        <maxLength value="100"/>
      </item>
      <item>
        <linkId value="Section-48/Z0400I"/>
        <prefix value="Z0400I"/>
        <text value="Signature, Title, Sections, Date Section Completed I"/>
        <type value="text"/>
        <repeats value="false"/>
        <readOnly value="false"/>
        <maxLength value="100"/>
      </item>
      <item>
        <linkId value="Section-48/Z0400J"/>
        <prefix value="Z0400J"/>
        <text value="Signature, Title, Sections, Date Section Completed J"/>
        <type value="text"/>
        <repeats value="false"/>
        <readOnly value="false"/>
        <maxLength value="100"/>
      </item>
      <item>
        <linkId value="Section-48/Z0400K"/>
        <prefix value="Z0400K"/>
        <text value="Signature, Title, Sections, Date Section Completed K"/>
        <type value="text"/>
        <repeats value="false"/>
        <readOnly value="false"/>
        <maxLength value="100"/>
      </item>
      <item>
        <linkId value="Section-48/Z0400L"/>
        <prefix value="Z0400L"/>
        <text value="Signature, Title, Sections, Date Section Completed L"/>
        <type value="text"/>
        <repeats value="false"/>
        <readOnly value="false"/>
        <maxLength value="100"/>
      </item>
    </item>
    <item>
      <linkId value="Section-48/Z0500"/>
      <prefix value="Z0500"/>
      <text value="Signature of RN Coordinator Verifying Assessment Completion"/>
      <type value="group"/>
      <repeats value="false"/>
      <readOnly value="true"/>
      <item>
        <linkId value="Section-48/Z0500A"/>
        <prefix value="Z0500A"/>
        <text value="Signature"/>
        <type value="text"/>
        <repeats value="false"/>
        <readOnly value="false"/>
        <maxLength value="100"/>
      </item>
      <item>
        <linkId value="Section-48/Z0500B"/>
        <prefix value="Z0500B"/>
        <text value="Date RN Assessment Coordinator signed assessment as complete"/>
        <type value="open-choice"/>
        <repeats value="false"/>
        <readOnly value="false"/>
      </item>
    </item>
  </item>
</Questionnaire>