{
  "resourceType" : "Bundle",
  "id" : "bed63e52-c8e8-4eec-8084-8458ffec0d39",
  "meta" : {
    "lastUpdated" : "2023-09-05T13:54:46.456-04:00"
  },
  "type" : "collection",
  "entry" : [{
    "fullUrl" : "https://pacio-del.mitre.org/r4/ValueSet/publication-status-vs",
    "resource" : {
      "resourceType" : "ValueSet",
      "text" : {
        "status" : "generated",
        "div" : "<div xmlns=\"http://www.w3.org/1999/xhtml\"><p>This value set contains 4 concepts</p><div style=\"border: black 1px dotted; background-color: #EEEEEE; padding: 8px; margin-bottom: 8px\"><p>Expansion based on: </p><ul><li><a href=\"http://hl7.org/fhir/R4/codesystem-publication-status.html\">codesystem PublicationStatus v4.0.1 (CodeSystem)</a></li><li><a href=\"http://hl7.org/fhir/5.0.0-snapshot3/valueset-publication-status.html\">valueset PublicationStatus v5.0.0-snapshot3 (ValueSet)</a></li></ul></div><table class=\"codes\"><tr><td style=\"white-space:nowrap\"><b>Code</b></td><td><b>System</b></td><td><b>Display</b></td><td><b>Definition</b></td></tr><tr><td style=\"white-space:nowrap\"><a name=\"http---hl7.org-fhir-publication-status-draft\"> </a>\u00a0\u00a0<a href=\"http://hl7.org/fhir/R4/codesystem-publication-status.html#publication-status-draft\">draft</a></td><td>http://hl7.org/fhir/publication-status</td><td>Draft</td><td><div><p>This resource is still under development and is not yet considered to be ready for normal use.</p>\n</div></td></tr><tr><td style=\"white-space:nowrap\"><a name=\"http---hl7.org-fhir-publication-status-active\"> </a>\u00a0\u00a0<a href=\"http://hl7.org/fhir/R4/codesystem-publication-status.html#publication-status-active\">active</a></td><td>http://hl7.org/fhir/publication-status</td><td>Active</td><td><div><p>This resource is ready for normal use.</p>\n</div></td></tr><tr><td style=\"white-space:nowrap\"><a name=\"http---hl7.org-fhir-publication-status-retired\"> </a>\u00a0\u00a0<a href=\"http://hl7.org/fhir/R4/codesystem-publication-status.html#publication-status-retired\">retired</a></td><td>http://hl7.org/fhir/publication-status</td><td>Retired</td><td><div><p>This resource has been withdrawn or superseded and should no longer be used.</p>\n</div></td></tr><tr><td style=\"white-space:nowrap\"><a name=\"http---hl7.org-fhir-publication-status-unknown\"> </a>\u00a0\u00a0<a href=\"http://hl7.org/fhir/R4/codesystem-publication-status.html#publication-status-unknown\">unknown</a></td><td>http://hl7.org/fhir/publication-status</td><td>Unknown</td><td><div><p>The authoring system does not know which of the status values currently applies for this resource.  Note: This concept is not to be used for &quot;other&quot; - one of the listed statuses is presumed to apply, it's just not known which one.</p>\n</div></td></tr></table></div>"
      },
      "url" : "https://pacio-del.mitre.org/r4/ValueSet/publication-status-vs",
      "version" : "0.1.0",
      "name" : "PublicationStatus",
      "title" : "PublicationStatus",
      "status" : "draft",
      "experimental" : false,
      "date" : "2023-09-05T13:54:46-04:00",
      "expansion" : {
        "identifier" : "urn:uuid:ea609e6b-1867-43ab-941a-c53ad2cb348b",
        "timestamp" : "2023-09-05T13:55:43-04:00",
        "total" : 4,
        "parameter" : [{
          "name" : "excludeNested",
          "valueBoolean" : false
        },
        {
          "name" : "used-valueset",
          "valueUri" : "http://hl7.org/fhir/ValueSet/publication-status|5.0.0-snapshot3"
        },
        {
          "name" : "used-codesystem",
          "valueUri" : "http://hl7.org/fhir/publication-status|4.0.1"
        }],
        "contains" : [{
          "system" : "http://hl7.org/fhir/publication-status",
          "code" : "draft",
          "display" : "Draft"
        },
        {
          "system" : "http://hl7.org/fhir/publication-status",
          "code" : "active",
          "display" : "Active"
        },
        {
          "system" : "http://hl7.org/fhir/publication-status",
          "code" : "retired",
          "display" : "Retired"
        },
        {
          "system" : "http://hl7.org/fhir/publication-status",
          "code" : "unknown",
          "display" : "Unknown"
        }]
      }
    }
  }]
}