{"resourceType":"SearchParameter","id":"QuestionnaireItemText","text":{"status":"generated","div":"<div xmlns=\"http://www.w3.org/1999/xhtml\">Search for a questionnaire by item.text nested field - up to 3 levels.</div>"},"url":"https://impact-fhir.mitre.org/r4/SearchParameter/QuestionnaireItemText","version":"0.1.0","name":"QuestionnaireItemText","status":"active","date":"2023-09-05T13:54:46-04:00","publisher":"The MITRE Corporation","contact":[{"name":"The MITRE Corporation","telecom":[{"system":"url","value":"http://mitre.org"}]}],"description":"Search for a questionnaire by item.text nested field - up to 3 levels.","code":"item-text","base":["Questionnaire"],"type":"string","expression":"Questionnaire.item.text | Questionnaire.item.item.text | Questionnaire.item.item.item.text","xpathUsage":"normal","modifier":["contains"]}